ZIP Code,City,Adresse d'arrivée,Distance Km
1005,"1005 Assemblée Réunie de la Commission Communautaire, Belgique",BRUXELLES,0
1011,"1011 Vlaams parlement, Belgique",BRUXELLES,0
1030,"1030 SCHAERBEEK, Belgique",BRUXELLES,0
1031,"1031 Organisations Sociales Chrétiennes, Belgique",BRUXELLES,0
1047,"1047 Parlement Européen, Belgique",BRUXELLES,0
1049,"1049 Union Européenne - Commission, Belgique",BRUXELLES,0
1082,"1082 BERCHEM-SAINTE-AGATHE, Belgique",BRUXELLES,0
1100,"1100 Postcheque, Belgique",BRUXELLES,0
1315,"1315 Roux-Miroir, Belgique",BRUXELLES,0
1325,"1325 Bonlez, Belgique",BRUXELLES,0
1380,"1380 Plancenoit, Belgique",BRUXELLES,0
1401,"1401 Baulers, Belgique",BRUXELLES,0
1460,"1460 ITTRE, Belgique",BRUXELLES,0
1674,"1674 Bellingen, Belgique",BRUXELLES,0
1934,"1934 Office Exchange Brussels Airport Remailing, Belgique",BRUXELLES,0
2440,"2440 GEEL, Belgique",BRUXELLES,0
2550,"2550 Waarloos, Belgique",BRUXELLES,0
2840,"2840 Terhagen, Belgique",BRUXELLES,0
2940,"2940 STABROEK, Belgique",BRUXELLES,0
3051,"3051 Sint-Joris-Weert, Belgique",BRUXELLES,0
3070,"3070 KORTENBERG, Belgique",BRUXELLES,0
3090,"3090 OVERIJSE, Belgique",BRUXELLES,0
3271,"3271 Averbode, Belgique",BRUXELLES,0
3370,"3370 Vertrijk, Belgique",BRUXELLES,0
3400,"3400 Ezemaal, Belgique",BRUXELLES,0
3401,"3401 Waasmont, Belgique",BRUXELLES,0
3700,"3700 Piringen, Belgique",BRUXELLES,0
3770,"3770 Genoelselderen, Belgique",BRUXELLES,0
3850,"3850 NIEUWERKERKEN, Belgique",BRUXELLES,0
3950,"3950 Reppel, Belgique",BRUXELLES,0
3990,"3990 Grote-Brogel, Belgique",BRUXELLES,0
4040,"4040 HERSTAL, Belgique",BRUXELLES,0
4280,"4280 Grand-Hallet, Belgique",BRUXELLES,0
4367,"4367 Fize-Le-Marsal, Belgique",BRUXELLES,0
4500,"4500 Tihange, Belgique",BRUXELLES,0
4607,"4607 Feneur, Belgique",BRUXELLES,0
4690,"4690 Eben-Emael, Belgique",BRUXELLES,0
5010,"5010 SA SudPresse, Belgique",BRUXELLES,0
5020,"5020 Champion, Belgique",BRUXELLES,0
5080,"5080 Emines, Belgique",BRUXELLES,0
5190,"5190 Saint-Martin, Belgique",BRUXELLES,0
5300,"5300 Namêche, Belgique",BRUXELLES,0
5310,"5310 Boneffe, Belgique",BRUXELLES,0
5380,"5380 Franc-Waret, Belgique",BRUXELLES,0
5502,"5502 Thynes, Belgique",BRUXELLES,0
5590,"5590 Sovet, Belgique",BRUXELLES,0
6030,"6030 Marchienne-Au-Pont, Belgique",BRUXELLES,0
6223,"6223 Wagnelée, Belgique",BRUXELLES,0
6464,"6464 Rièzes, Belgique",BRUXELLES,0
6511,"6511 Strée, Belgique",BRUXELLES,0
6662,"6662 Tavigny, Belgique",BRUXELLES,0
6688,"6688 Longchamps, Belgique",BRUXELLES,0
6810,"6810 CHINY, Belgique",BRUXELLES,0
6812,"6812 Suxy, Belgique",BRUXELLES,0
6887,"6887 HERBEUMONT, Belgique",BRUXELLES,0
6929,"6929 Haut-Fays, Belgique",BRUXELLES,0
6941,"6941 Heyd, Belgique",BRUXELLES,0
6997,"6997 Soy, Belgique",BRUXELLES,0
7020,"7020 Maisières, Belgique",BRUXELLES,0
7120,"7120 Haulchin, Belgique",BRUXELLES,0
7140,"7140 MORLANWELZ, Belgique",BRUXELLES,0
7511,"7511 Vitrine Magique, Belgique",BRUXELLES,0
7532,"7532 Beclers, Belgique",BRUXELLES,0
7534,"7534 Maulde, Belgique",BRUXELLES,0
7730,"7730 Leers-Nord, Belgique",BRUXELLES,0
7801,"7801 Irchonwelz, Belgique",BRUXELLES,0
7900,"7900 LEUZE-EN-HAINAUT, Belgique",BRUXELLES,0
7906,"7906 Gallaix, Belgique",BRUXELLES,0
7911,"7911 Buissenal, Belgique",BRUXELLES,0
8370,"8370 Uitkerke, Belgique",BRUXELLES,0
8380,"8380 Zeebrugge, Belgique",BRUXELLES,0
8470,"8470 Zevekote, Belgique",BRUXELLES,0
8554,"8554 Sint-Denijs, Belgique",BRUXELLES,0
8570,"8570 Gijzelbrechtegem, Belgique",BRUXELLES,0
8600,"8600 Vladslo, Belgique",BRUXELLES,0
8970,"8970 POPERINGE, Belgique",BRUXELLES,0
9170,"9170 Meerdonk, Belgique",BRUXELLES,0
9200,"9200 Schoonaarde, Belgique",BRUXELLES,0
9255,"9255 BUGGENHOUT, Belgique",BRUXELLES,0
9340,"9340 Impe, Belgique",BRUXELLES,0
9620,"9620 Sint-Maria-Oudenhove, Belgique",BRUXELLES,0
9700,"9700 Volkegem, Belgique",BRUXELLES,0
9772,"9772 Wannegem-Lede, Belgique",BRUXELLES,0
9850,"9850 Merendree, Belgique",BRUXELLES,0
9880,"9880 Poeke, Belgique",BRUXELLES,0
9970,"9970 KAPRIJKE, Belgique",BRUXELLES,0
9971,"9971 Lembeke, Belgique",BRUXELLES,0
9980,"9980 SINT-LAUREINS, Belgique",BRUXELLES,0
9981,"9981 Sint-Margriete, Belgique",BRUXELLES,0
9990,"9990 MALDEGEM, Belgique",BRUXELLES,0
9992,"9992 Middelburg, Belgique",BRUXELLES,0
1212,"1212 SPF Mobilité, Belgique",BRUXELLES,"1,51"
1012,"1012 Parlement de la Communauté française, Belgique",BRUXELLES,"1,54"
1008,"1008 Chambre des Représentants, Belgique",BRUXELLES,"1,647"
1006,"1006 Raad van de Vlaamse Gemeenschapscommissie, Belgique",BRUXELLES,"1,73"
1035,"1035 Ministère de la Région de Bruxelles Capitale, Belgique",BRUXELLES,"1,75"
1009,"1009 Senat de Belgique, Belgique",BRUXELLES,"1,84"
1000,"1000 BRUXELLES, Belgique",BRUXELLES,"1,976"
4420,"4420 Tilleur, Belgique",BRUXELLES,10
1932,"1932 Sint-Stevens-Woluwe, Belgique",BRUXELLES,"10,15"
1731,"1731 Relegem, Belgique",BRUXELLES,"10,31"
1601,"1601 Ruisbroek, Belgique",BRUXELLES,"10,32"
1860,"1860 MEISE, Belgique",BRUXELLES,"10,81"
8930,"8930 Lauwe, Belgique",BRUXELLES,"100,034"
9988,"9988 Waterland-Oudeman, Belgique",BRUXELLES,"100,19"
3670,"3670 Ellikom, Belgique",BRUXELLES,"100,222"
7700,"7700 MOUSCRON, Belgique",BRUXELLES,"100,29"
7641,"7641 Bruyelle, Belgique",BRUXELLES,"100,3"
4031,"4031 Angleur, Belgique",BRUXELLES,"100,38"
4020,"4020 Bressoux, Belgique",BRUXELLES,"100,39"
3668,"3668 Niel-Bij-As, Belgique",BRUXELLES,"100,47"
4102,"4102 Ougrée, Belgique",BRUXELLES,"100,5"
3690,"3690 ZUTENDAAL, Belgique",BRUXELLES,"100,6"
8211,"8211 Aartrijke, Belgique",BRUXELLES,"100,64"
4458,"4458 Fexhe-Slins, Belgique",BRUXELLES,"100,74"
8000,"8000 BRUGGE, Belgique",BRUXELLES,"100,874"
4550,"4550 Villers-Le-Temple, Belgique",BRUXELLES,"100,889"
3920,"3920 LOMMEL, Belgique",BRUXELLES,"101,207"
3730,"3730 Werm, Belgique",BRUXELLES,"101,211"
7502,"7502 Esplechin, Belgique",BRUXELLES,"101,224"
8377,"8377 Meetkerke, Belgique",BRUXELLES,"101,43"
4100,"4100 SERAING, Belgique",BRUXELLES,"101,44"
4570,"4570 Vyle-Et-Tharoul, Belgique",BRUXELLES,"101,45"
8587,"8587 Espierres, Belgique",BRUXELLES,"101,56"
7610,"7610 RUMES, Belgique",BRUXELLES,"101,57"
5620,"5620 Rosée, Belgique",BRUXELLES,"101,65"
4683,"4683 Vivegnis, Belgique",BRUXELLES,"101,653"
7618,"7618 Taintignies, Belgique",BRUXELLES,"101,67"
8880,"8880 Sint-Eloois-Winkel, Belgique",BRUXELLES,"101,69"
5560,"5560 Ciergnon, Belgique",BRUXELLES,"101,71"
3941,"3941 Eksel, Belgique",BRUXELLES,"101,84"
4032,"4032 Chênee, Belgique",BRUXELLES,"101,93"
4030,"4030 Grivegnee, Belgique",BRUXELLES,"101,95"
4680,"4680 OUPEYE, Belgique",BRUXELLES,"102,099"
5580,"5580 Mont-Gauthier, Belgique",BRUXELLES,"102,76"
3740,"3740 Mopertingen, Belgique",BRUXELLES,"102,846"
3746,"3746 Hoelbeek, Belgique",BRUXELLES,"102,85"
7711,"7711 Dottignies, Belgique",BRUXELLES,"103,01"
8460,"8460 Roksem, Belgique",BRUXELLES,"103,19"
4590,"4590 Warzée, Belgique",BRUXELLES,"103,21"
8820,"8820 TORHOUT, Belgique",BRUXELLES,"103,31"
4602,"4602 Cheratte, Belgique",BRUXELLES,"103,36"
3900,"3900 OVERPELT, Belgique",BRUXELLES,"103,42"
5600,"5600 Franchimont, Belgique",BRUXELLES,"103,518"
7608,"7608 Wiers, Belgique",BRUXELLES,"103,7"
2382,"2382 Poppel, Belgique",BRUXELLES,"103,86"
8750,"8750 Zwevezele, Belgique",BRUXELLES,"103,87"
7712,"7712 Herseaux, Belgique",BRUXELLES,"103,9"
4053,"4053 Embourg, Belgique",BRUXELLES,"104,044"
4051,"4051 Vaux-Sous-Chèvremont, Belgique",BRUXELLES,"104,117"
5564,"5564 Wanlin, Belgique",BRUXELLES,"104,29"
5563,"5563 Hour, Belgique",BRUXELLES,"104,35"
7611,"7611 La Glanerie, Belgique",BRUXELLES,"104,38"
7621,"7621 Lesdain, Belgique",BRUXELLES,"104,5"
8480,"8480 ICHTEGEM, Belgique",BRUXELLES,"104,979"
5520,"5520 ONHAYE, Belgique",BRUXELLES,"105,16"
7622,"7622 Laplaigne, Belgique",BRUXELLES,"105,17"
6900,"6900 Aye, Belgique",BRUXELLES,"105,21"
5374,"5374 Maffe, Belgique",BRUXELLES,"105,38"
8340,"8340 DAMME, Belgique",BRUXELLES,"105,42"
7623,"7623 Rongy, Belgique",BRUXELLES,"105,49"
8940,"8940 Geluwe, Belgique",BRUXELLES,"105,52"
4681,"4681 Hermalle-Sous-Argenteau, Belgique",BRUXELLES,"105,6"
4121,"4121 Neuville-En-Condroz, Belgique",BRUXELLES,"105,828"
4560,"4560 Les Avins, Belgique",BRUXELLES,106
4075,"4075 CSM Liege X, Belgique",BRUXELLES,"106,12"
5500,"5500 Falmignoul, Belgique",BRUXELLES,"106,159"
4050,"4050 CHAUDFONTAINE, Belgique",BRUXELLES,"106,166"
5572,"5572 Focant, Belgique",BRUXELLES,"106,25"
4684,"4684 Haccourt, Belgique",BRUXELLES,"106,52"
8421,"8421 Vlissegem, Belgique",BRUXELLES,"106,6"
8890,"8890 Dadizele, Belgique",BRUXELLES,"106,61"
4120,"4120 Ehein, Belgique",BRUXELLES,"106,77"
4624,"4624 Romsée, Belgique",BRUXELLES,"107,07"
4601,"4601 Argenteau, Belgique",BRUXELLES,"107,12"
5523,"5523 Weillen, Belgique",BRUXELLES,"107,229"
4671,"4671 Saive, Belgique",BRUXELLES,"107,251"
7624,"7624 Howardries, Belgique",BRUXELLES,"107,36"
3630,"3630 Opgrimbie, Belgique",BRUXELLES,"107,373"
3680,"3680 Opoeteren, Belgique",BRUXELLES,"107,4"
5524,"5524 Gerin, Belgique",BRUXELLES,"107,43"
5372,"5372 Méan, Belgique",BRUXELLES,"107,515"
4630,"4630 Tignée, Belgique",BRUXELLES,"107,61"
7740,"7740 Warcoing, Belgique",BRUXELLES,"107,63"
4122,"4122 Plainevaux, Belgique",BRUXELLES,"107,88"
3620,"3620 Veldwezelt, Belgique",BRUXELLES,"107,89"
4480,"4480 Clermont-Sous-Huy, Belgique",BRUXELLES,"108,299"
6460,"6460 CHIMAY, Belgique",BRUXELLES,"108,379"
4670,"4670 BLÉGNY, Belgique",BRUXELLES,"108,413"
4631,"4631 Evegnée, Belgique",BRUXELLES,"108,43"
4672,"4672 Saint-Remy, Belgique",BRUXELLES,"108,68"
4577,"4577 MODAVE, Belgique",BRUXELLES,"108,69"
4130,"4130 Tilff, Belgique",BRUXELLES,"108,8"
5540,"5540 Hastière-Lavaux, Belgique",BRUXELLES,"108,94"
4610,"4610 Queue-Du-Bois, Belgique",BRUXELLES,"108,942"
8810,"8810 LICHTERVELDE, Belgique",BRUXELLES,"109,01"
8800,"8800 Oekene, Belgique",BRUXELLES,"109,05"
4682,"4682 Houtain-Saint-Siméon, Belgique",BRUXELLES,"109,074"
8851,"8851 Koolskamp, Belgique",BRUXELLES,"109,1"
3631,"3631 Boorsem, Belgique",BRUXELLES,"109,145"
3621,"3621 Rekem, Belgique",BRUXELLES,"109,26"
5570,"5570 Feschaux, Belgique",BRUXELLES,"109,37"
7742,"7742 Hérinnes-Lez-Pecq, Belgique",BRUXELLES,"109,39"
5541,"5541 Hastière-Par-Delà, Belgique",BRUXELLES,"109,46"
4623,"4623 Magnée, Belgique",BRUXELLES,"109,63"
8610,"8610 KORTEMARK, Belgique",BRUXELLES,"109,79"
8420,"8420 Wenduine, Belgique",BRUXELLES,"109,838"
5573,"5573 Martouzin-Neuville, Belgique",BRUXELLES,"109,87"
5521,"5521 Serville, Belgique",BRUXELLES,"109,95"
1800,"1800 VILVOORDE, Belgique",BRUXELLES,"11,28"
1700,"1700 Sint-Ulriks-Kapelle, Belgique",BRUXELLES,"11,31"
1830,"1830 MACHELEN, Belgique",BRUXELLES,"11,42"
1730,"1730 Bekkerzeel, Belgique",BRUXELLES,"11,78"
1950,"1950 KRAAINEM, Belgique",BRUXELLES,"11,79"
1170,"1170 WATERMAEL-BOITSFORT, Belgique",BRUXELLES,"11,82"
1780,"1780 WEMMEL, Belgique",BRUXELLES,"11,92"
1703,"1703 Schepdaal, Belgique",BRUXELLES,"11,95"
4621,"4621 Retinne, Belgique",BRUXELLES,"110,25"
4632,"4632 Cérexhe-Heuseux, Belgique",BRUXELLES,"110,3"
4653,"4653 Bolland, Belgique",BRUXELLES,"110,3"
8400,"8400 OOSTENDE, Belgique",BRUXELLES,"110,31"
5660,"5660 Frasnes, Belgique",BRUXELLES,"110,356"
8301,"8301 Ramskapelle, Belgique",BRUXELLES,"110,585"
8450,"8450 BREDENE, Belgique",BRUXELLES,"110,626"
3960,"3960 BREE, Belgique",BRUXELLES,"110,66"
5522,"5522 Falaen, Belgique",BRUXELLES,"110,66"
3910,"3910 Sint-Huibrechts-Lille, Belgique",BRUXELLES,"111,137"
8980,"8980 Beselare, Belgique",BRUXELLES,"111,43"
4052,"4052 Beaufays, Belgique",BRUXELLES,"111,49"
4620,"4620 FLÉRON, Belgique",BRUXELLES,"111,97"
4633,"4633 Melen, Belgique",BRUXELLES,"112,08"
6596,"6596 Forge-Philippe, Belgique",BRUXELLES,"112,16"
6922,"6922 Halma, Belgique",BRUXELLES,"112,399"
4600,"4600 Lixhe, Belgique",BRUXELLES,"112,451"
4650,"4650 Julémont, Belgique",BRUXELLES,"112,49"
5670,"5670 Nismes, Belgique",BRUXELLES,"112,57"
4606,"4606 Saint-André, Belgique",BRUXELLES,"112,79"
5571,"5571 Wiesme, Belgique",BRUXELLES,"112,87"
3650,"3650 Elen, Belgique",BRUXELLES,"113,117"
5542,"5542 Blaimont, Belgique",BRUXELLES,"113,34"
6600,"6600 Villers-La-Bonne-Eau, Belgique",BRUXELLES,"113,43"
6990,"6990 Fronville, Belgique",BRUXELLES,"113,486"
6920,"6920 WELLIN, Belgique",BRUXELLES,"113,62"
5574,"5574 Pondrôme, Belgique",BRUXELLES,"113,83"
3798,"3798 Fouron-Le-Comte, Belgique",BRUXELLES,"113,85"
7780,"7780 Comines, Belgique",BRUXELLES,"113,9"
6921,"6921 Chanly, Belgique",BRUXELLES,"113,92"
9030,"9030 Mariakerke, Belgique",BRUXELLES,"113,92"
4608,"4608 Warsage, Belgique",BRUXELLES,"113,93"
4140,"4140 Dolembreux, Belgique",BRUXELLES,"114,13"
6940,"6940 Grandhan, Belgique",BRUXELLES,"114,135"
8830,"8830 Gits, Belgique",BRUXELLES,"114,348"
4652,"4652 Xhendelesse, Belgique",BRUXELLES,"114,74"
4870,"4870 TROOZ, Belgique",BRUXELLES,"114,863"
6924,"6924 Lomprez, Belgique",BRUXELLES,"115,24"
5589,"5589 Jemelle, Belgique",BRUXELLES,"115,311"
8680,"8680 Bovekerke, Belgique",BRUXELLES,"115,33"
6950,"6950 Harsin, Belgique",BRUXELLES,"115,6"
6927,"6927 Resteigne, Belgique",BRUXELLES,"115,896"
5543,"5543 Heer, Belgique",BRUXELLES,"116,01"
5576,"5576 Froidfontaine, Belgique",BRUXELLES,"116,41"
6440,"6440 FROIDCHAPELLE, Belgique",BRUXELLES,"116,46"
6952,"6952 Grune, Belgique",BRUXELLES,"116,51"
4861,"4861 Soiron, Belgique",BRUXELLES,"116,65"
4654,"4654 Charneux, Belgique",BRUXELLES,"116,697"
6594,"6594 Beauwelz, Belgique",BRUXELLES,"116,93"
8432,"8432 Leffinge, Belgique",BRUXELLES,"116,94"
8300,"8300 Knokke, Belgique",BRUXELLES,"117,103"
4163,"4163 Tavier, Belgique",BRUXELLES,"117,13"
6951,"6951 Bande, Belgique",BRUXELLES,"117,21"
7784,"7784 Warneton, Belgique",BRUXELLES,"117,33"
4651,"4651 Battice, Belgique",BRUXELLES,"117,56"
5544,"5544 Agimont, Belgique",BRUXELLES,"117,64"
4877,"4877 OLNE, Belgique",BRUXELLES,"117,76"
8902,"8902 Hollebeke, Belgique",BRUXELLES,"117,85"
5680,"5680 Soulme, Belgique",BRUXELLES,118
7781,"7781 Houthem, Belgique",BRUXELLES,"118,17"
4171,"4171 Poulseur, Belgique",BRUXELLES,"118,44"
6953,"6953 Forrières, Belgique",BRUXELLES,"118,792"
3930,"3930 Achel, Belgique",BRUXELLES,"118,91"
4162,"4162 Hody, Belgique",BRUXELLES,"118,99"
8900,"8900 Sint-Jan, Belgique",BRUXELLES,"119,74"
8433,"8433 Mannekensvere, Belgique",BRUXELLES,"119,921"
1933,"1933 Sterrebeek, Belgique",BRUXELLES,"12,23"
1602,"1602 Vlezenbeek, Belgique",BRUXELLES,"12,41"
4820,"4820 DISON, Belgique",BRUXELLES,"120,07"
3790,"3790 FOURONS, Belgique",BRUXELLES,"120,154"
6987,"6987 Hodister, Belgique",BRUXELLES,"120,2"
4161,"4161 Villers-Aux-Tours, Belgique",BRUXELLES,"120,28"
4141,"4141 Louveigné, Belgique",BRUXELLES,"120,29"
4160,"4160 ANTHISNES, Belgique",BRUXELLES,"120,56"
3640,"3640 KINROOI, Belgique",BRUXELLES,"120,65"
8957,"8957 MESSINES, Belgique",BRUXELLES,"120,81"
4890,"4890 Clermont, Belgique",BRUXELLES,"121,033"
6593,"6593 Macquenoise, Belgique",BRUXELLES,"121,273"
8431,"8431 Wilskerke, Belgique",BRUXELLES,"121,433"
8840,"8840 Oostnieuwkerke, Belgique",BRUXELLES,"121,52"
6986,"6986 Halleux, Belgique",BRUXELLES,"122,38"
4920,"4920 Sougné-Remouchamps, Belgique",BRUXELLES,"122,715"
7782,"7782 Ploegsteert, Belgique",BRUXELLES,"122,79"
6463,"6463 Lompret, Belgique",BRUXELLES,"122,946"
4821,"4821 Andrimont, Belgique",BRUXELLES,"123,22"
3792,"3792 Fouron-Saint-Pierre, Belgique",BRUXELLES,"123,28"
4800,"4800 Lambermont, Belgique",BRUXELLES,"123,358"
8430,"8430 MIDDELKERKE, Belgique",BRUXELLES,"123,398"
6462,"6462 Vaulx-Lez-Chimay, Belgique",BRUXELLES,"123,42"
8952,"8952 Wulvergem, Belgique",BRUXELLES,"123,84"
4880,"4880 AUBEL, Belgique",BRUXELLES,"123,91"
6461,"6461 Virelles, Belgique",BRUXELLES,"124,09"
1367,"1367 Bomal, Belgique",BRUXELLES,"124,11"
3791,"3791 Remersdaal, Belgique",BRUXELLES,"124,17"
4831,"4831 Bilstain, Belgique",BRUXELLES,"124,56"
5575,"5575 Malvoisin, Belgique",BRUXELLES,"124,589"
8904,"8904 Boezinge, Belgique",BRUXELLES,"124,72"
4841,"4841 Henri-Chapelle, Belgique",BRUXELLES,"124,79"
7783,"7783 Bizet, Belgique",BRUXELLES,"124,84"
4802,"4802 Heusy, Belgique",BRUXELLES,"125,262"
8908,"8908 Vlamertinge, Belgique",BRUXELLES,"125,28"
8920,"8920 Bikschote, Belgique",BRUXELLES,"125,607"
8434,"8434 Westende, Belgique",BRUXELLES,"125,75"
8906,"8906 Elverdinge, Belgique",BRUXELLES,"125,97"
8950,"8950 Nieuwkerke, Belgique",BRUXELLES,"126,38"
8953,"8953 Wijtschate, Belgique",BRUXELLES,"126,69"
6971,"6971 Champlon, Belgique",BRUXELLES,"126,786"
3793,"3793 Teuven, Belgique",BRUXELLES,"126,86"
6980,"6980 LA ROCHE-EN-ARDENNE, Belgique",BRUXELLES,"126,97"
8650,"8650 Klerken, Belgique",BRUXELLES,"127,02"
8620,"8620 Sint-Joris, Belgique",BRUXELLES,"127,098"
4801,"4801 Stembert, Belgique",BRUXELLES,"127,4"
4860,"4860 PEPINSTER, Belgique",BRUXELLES,"127,998"
8956,"8956 Kemmel, Belgique",BRUXELLES,"128,37"
6852,"6852 Maissin, Belgique",BRUXELLES,"128,586"
4170,"4170 COMBLAIN-AU-PONT, Belgique",BRUXELLES,"129,09"
6970,"6970 TENNEVILLE, Belgique",BRUXELLES,"129,15"
4840,"4840 WELKENRAEDT, Belgique",BRUXELLES,"129,22"
4852,"4852 Hombourg, Belgique",BRUXELLES,"129,32"
1733,"1733 HighCo DATA, Belgique",BRUXELLES,"13,16"
1850,"1850 GRIMBERGEN, Belgique",BRUXELLES,"13,24"
1818,"1818 VTM, Belgique",BRUXELLES,"13,25"
1861,"1861 Wolvertem, Belgique",BRUXELLES,"13,3"
1935,"1935 Corporate Village, Belgique",BRUXELLES,"13,4"
1620,"1620 DROGENBOS, Belgique",BRUXELLES,"13,55"
1970,"1970 WEZEMBEEK-OPPEM, Belgique",BRUXELLES,"13,75"
4910,"4910 La Reid, Belgique",BRUXELLES,"130,09"
6972,"6972 Erneuville, Belgique",BRUXELLES,"130,56"
8670,"8670 Oostduinkerke, Belgique",BRUXELLES,"130,62"
4987,"4987 Lorcé, Belgique",BRUXELLES,"130,71"
8630,"8630 Avekapelle, Belgique",BRUXELLES,131
4190,"4190 Xhoris, Belgique",BRUXELLES,"131,02"
4837,"4837 BAELEN, Belgique",BRUXELLES,"131,36"
4710,"4710 LONTZEN, Belgique",BRUXELLES,"131,75"
8647,"8647 Noordschote, Belgique",BRUXELLES,"131,97"
4700,"4700 EUPEN, Belgique",BRUXELLES,"132,25"
4850,"4850 Montzen, Belgique",BRUXELLES,"132,3"
4834,"4834 Goé, Belgique",BRUXELLES,"132,47"
4720,"4720 LA CALAMINE, Belgique",BRUXELLES,"132,48"
4180,"4180 Comblain-La-Tour, Belgique",BRUXELLES,"132,57"
4701,"4701 Kettenis, Belgique",BRUXELLES,"132,84"
4721,"4721 Neu-Moresnet, Belgique",BRUXELLES,"132,97"
4845,"4845 JALHAY, Belgique",BRUXELLES,"133,47"
8951,"8951 Dranouter, Belgique",BRUXELLES,"133,51"
4711,"4711 Walhorn, Belgique",BRUXELLES,"133,57"
4851,"4851 Sippenaeken, Belgique",BRUXELLES,"133,84"
8640,"8640 VLETEREN, Belgique",BRUXELLES,134
4728,"4728 Hergenrath, Belgique",BRUXELLES,"134,189"
6890,"6890 Ochamps, Belgique",BRUXELLES,"134,412"
8954,"8954 Westouter, Belgique",BRUXELLES,"134,64"
6870,"6870 Hatrival, Belgique",BRUXELLES,"134,906"
8958,"8958 Loker, Belgique",BRUXELLES,"135,22"
6853,"6853 Framont, Belgique",BRUXELLES,"135,67"
4181,"4181 Filot, Belgique",BRUXELLES,"135,7"
6984,"6984 Hives, Belgique",BRUXELLES,"136,1"
6983,"6983 Ortho, Belgique",BRUXELLES,"136,17"
6850,"6850 PALISEUL, Belgique",BRUXELLES,"136,56"
6690,"6690 Bihain, Belgique",BRUXELLES,"136,59"
4731,"4731 Eynatten, Belgique",BRUXELLES,"137,44"
5555,"5555 Naomé, Belgique",BRUXELLES,"137,512"
8690,"8690 Oeren, Belgique",BRUXELLES,"138,08"
8660,"8660 Adinkerke, Belgique",BRUXELLES,"138,3"
4730,"4730 Hauset, Belgique",BRUXELLES,"138,49"
6686,"6686 Flamierge, Belgique",BRUXELLES,"139,5"
8972,"8972 Krombeke, Belgique",BRUXELLES,"139,846"
4900,"4900 SPA, Belgique",BRUXELLES,"139,93"
1930,"1930 Nossegem, Belgique",BRUXELLES,"14,399"
1831,"1831 Diegem, Belgique",BRUXELLES,"14,72"
1852,"1852 Beigem, Belgique",BRUXELLES,"14,89"
6851,"6851 Nollevaux, Belgique",BRUXELLES,"140,32"
8691,"8691 Izenberge, Belgique",BRUXELLES,"141,35"
8978,"8978 Watou, Belgique",BRUXELLES,"142,05"
4970,"4970 Francorchamps, Belgique",BRUXELLES,"143,27"
5550,"5550 Orchimont, Belgique",BRUXELLES,"143,963"
4990,"4990 Bra, Belgique",BRUXELLES,"144,54"
6692,"6692 Petit-Thier, Belgique",BRUXELLES,"144,89"
6834,"6834 Bellevaux, Belgique",BRUXELLES,"145,31"
6833,"6833 Vivy, Belgique",BRUXELLES,"145,95"
6687,"6687 BERTOGNE, Belgique",BRUXELLES,"146,18"
6960,"6960 Grandmenil, Belgique",BRUXELLES,"146,909"
6832,"6832 Sensenruth, Belgique",BRUXELLES,"147,02"
6831,"6831 Noirfontaine, Belgique",BRUXELLES,"147,26"
4983,"4983 Basse-Bodeux, Belgique",BRUXELLES,"147,28"
6698,"6698 Grand-Halleux, Belgique",BRUXELLES,"148,07"
6840,"6840 Tournay, Belgique",BRUXELLES,"148,76"
4980,"4980 Fosse, Belgique",BRUXELLES,"149,32"
6800,"6800 Remagne, Belgique",BRUXELLES,"149,405"
6880,"6880 Orgeo, Belgique",BRUXELLES,"149,957"
1785,"1785 Brussegem, Belgique",BRUXELLES,"15,07"
1640,"1640 RHODE-SAINT-GENÈSE, Belgique",BRUXELLES,"15,132"
1980,"1980 Eppegem, Belgique",BRUXELLES,"15,92"
6830,"6830 Rochehaut, Belgique",BRUXELLES,"151,25"
4960,"4960 MALMEDY, Belgique",BRUXELLES,"151,62"
6811,"6811 Les Bulles, Belgique",BRUXELLES,"152,28"
6856,"6856 Fays-Les-Veneurs, Belgique",BRUXELLES,"152,39"
6836,"6836 Dohan, Belgique",BRUXELLES,"152,415"
6660,"6660 HOUFFALIZE, Belgique",BRUXELLES,"152,61"
6700,"6700 ARLON, Belgique",BRUXELLES,"155,7"
6642,"6642 Juseret, Belgique",BRUXELLES,"156,106"
6661,"6661 Tailles, Belgique",BRUXELLES,"156,11"
6860,"6860 Assenois, Belgique",BRUXELLES,"156,617"
6670,"6670 GOUVY, Belgique",BRUXELLES,"156,88"
4750,"4750 Elsenborn, Belgique",BRUXELLES,157
6982,"6982 Samrée, Belgique",BRUXELLES,"157,74"
6630,"6630 MARTELANGE, Belgique",BRUXELLES,"159,3"
1600,"1600 Sint-Laureins-Berchem, Belgique",BRUXELLES,"16,05"
1880,"1880 Nieuwenrode, Belgique",BRUXELLES,"16,07"
1804,"1804 Cargovil, Belgique",BRUXELLES,"16,25"
1742,"1742 Sint-Katherina-Lombeek, Belgique",BRUXELLES,"16,27"
1820,"1820 Perk, Belgique",BRUXELLES,"16,57"
1750,"1750 Gaasbeek, Belgique",BRUXELLES,"16,7"
1740,"1740 TERNAT, Belgique",BRUXELLES,"16,72"
1560,"1560 HOEILAART, Belgique",BRUXELLES,"16,76"
1630,"1630 LINKEBEEK, Belgique",BRUXELLES,"16,76"
1650,"1650 BEERSEL, Belgique",BRUXELLES,"16,81"
1851,"1851 Humbeek, Belgique",BRUXELLES,"16,84"
6838,"6838 Corbion, Belgique",BRUXELLES,"160,35"
6672,"6672 Beho, Belgique",BRUXELLES,"160,46"
6820,"6820 Muno, Belgique",BRUXELLES,"160,91"
6681,"6681 Lavacherie, Belgique",BRUXELLES,"162,07"
4950,"4950 Faymonville, Belgique",BRUXELLES,"162,233"
6666,"6666 Wibrin, Belgique",BRUXELLES,"162,29"
6637,"6637 FAUVILLERS, Belgique",BRUXELLES,"162,964"
6663,"6663 Mabompré, Belgique",BRUXELLES,"163,21"
6640,"6640 Nives, Belgique",BRUXELLES,"164,189"
6680,"6680 Tillet, Belgique",BRUXELLES,"164,56"
6673,"6673 Cherain, Belgique",BRUXELLES,"164,564"
4770,"4770 AMBLÈVE, Belgique",BRUXELLES,"166,472"
6823,"6823 Villers-Devant-Orval, Belgique",BRUXELLES,"166,98"
6824,"6824 Chassepierre, Belgique",BRUXELLES,"168,131"
6730,"6730 Bellefontaine, Belgique",BRUXELLES,"168,24"
1651,"1651 Lot, Belgique",BRUXELLES,"17,11"
1671,"1671 Elingen, Belgique",BRUXELLES,"17,99"
6671,"6671 Bovigny, Belgique",BRUXELLES,"170,67"
6724,"6724 Houdemont, Belgique",BRUXELLES,"171,08"
6813,"6813 Termes, Belgique",BRUXELLES,"171,2"
4780,"4780 SAINT-VITH, Belgique",BRUXELLES,"172,005"
4771,"4771 Heppenbach, Belgique",BRUXELLES,"172,98"
6674,"6674 Montleban, Belgique",BRUXELLES,"173,22"
6821,"6821 Lacuisine, Belgique",BRUXELLES,"173,36"
4784,"4784 Crombach, Belgique",BRUXELLES,"173,38"
6723,"6723 Habay-La-Vieille, Belgique",BRUXELLES,"175,73"
4783,"4783 Lommersweiler, Belgique",BRUXELLES,"176,41"
4791,"4791 Thommen, Belgique",BRUXELLES,"176,871"
6742,"6742 Chantemelle, Belgique",BRUXELLES,"177,49"
6741,"6741 Vance, Belgique",BRUXELLES,"177,75"
6717,"6717 Tontelange, Belgique",BRUXELLES,"177,77"
6740,"6740 ETALLE, Belgique",BRUXELLES,"179,224"
1760,"1760 Strijtem, Belgique",BRUXELLES,"18,1"
1790,"1790 Essene, Belgique",BRUXELLES,"18,1"
1741,"1741 Wambeek, Belgique",BRUXELLES,"18,44"
3078,"3078 Everberg, Belgique",BRUXELLES,"18,46"
1982,"1982 Elewijt, Belgique",BRUXELLES,"18,67"
6743,"6743 Buzenol, Belgique",BRUXELLES,"180,24"
6720,"6720 Hachy, Belgique",BRUXELLES,"180,741"
6769,"6769 Villers-La-Loue, Belgique",BRUXELLES,"180,8"
6750,"6750 MUSSON, Belgique",BRUXELLES,"181,4"
4790,"4790 Reuland, Belgique",BRUXELLES,"182,76"
4761,"4761 Rocherath, Belgique",BRUXELLES,"183,3"
4782,"4782 Schoenberg, Belgique",BRUXELLES,"183,33"
4760,"4760 Manderfeld, Belgique",BRUXELLES,"185,808"
6704,"6704 Guirsch, Belgique",BRUXELLES,"188,61"
1745,"1745 Mazenzele, Belgique",BRUXELLES,"19,15"
1840,"1840 LONDERZEEL, Belgique",BRUXELLES,"19,15"
1654,"1654 Huizingen, Belgique",BRUXELLES,"19,16"
6706,"6706 Autelbas, Belgique",BRUXELLES,"191,08"
6762,"6762 Saint-Mard, Belgique",BRUXELLES,"191,08"
6780,"6780 MESSANCY, Belgique",BRUXELLES,"191,19"
6767,"6767 Harnoncourt, Belgique",BRUXELLES,"191,94"
6792,"6792 Rachecourt, Belgique",BRUXELLES,"192,63"
6791,"6791 Athus, Belgique",BRUXELLES,"192,94"
6782,"6782 Habergy, Belgique",BRUXELLES,"193,2"
6721,"6721 Anlier, Belgique",BRUXELLES,"193,38"
6747,"6747 SAINT-LÉGER, Belgique",BRUXELLES,"193,805"
6781,"6781 Sélange, Belgique",BRUXELLES,"194,4"
6790,"6790 AUBANGE, Belgique",BRUXELLES,"196,09"
6761,"6761 Latour, Belgique",BRUXELLES,"196,31"
6760,"6760 Bleid, Belgique",BRUXELLES,"196,87"
1210,"1210 SAINT-JOSSE-TEN-NOODE, Belgique",BRUXELLES,"2,28"
1080,"1080 MOLENBEEK-SAINT-JEAN, Belgique",BRUXELLES,"2,49"
1081,"1081 KOEKELBERG, Belgique",BRUXELLES,"2,75"
1007,"1007 Assemblée de la Commission Communautaire Française, Belgique",BRUXELLES,"2,95"
1761,"1761 Borchtlombeek, Belgique",BRUXELLES,"20,02"
1310,"1310 LA HULPE, Belgique",BRUXELLES,"20,06"
3071,"3071 Erps-Kwerps, Belgique",BRUXELLES,"20,29"
1670,"1670 PEPINGEN, Belgique",BRUXELLES,"20,69"
1653,"1653 Dworp, Belgique",BRUXELLES,"20,84"
1755,"1755 GOOIK, Belgique",BRUXELLES,"20,9"
1501,"1501 Buizingen, Belgique",BRUXELLES,21
1931,"1931 Brucargo, Belgique",BRUXELLES,"21,02"
1332,"1332 Genval, Belgique",BRUXELLES,"21,25"
1652,"1652 Alsemberg, Belgique",BRUXELLES,"21,28"
1910,"1910 Nederokkerzeel, Belgique",BRUXELLES,"22,34"
1770,"1770 LIEDEKERKE, Belgique",BRUXELLES,"22,53"
9470,"9470 DENDERLEEUW, Belgique",BRUXELLES,"23,01"
9402,"9402 Meerbeke, Belgique",BRUXELLES,"23,181"
3061,"3061 Leefdaal, Belgique",BRUXELLES,"23,85"
1331,"1331 Rosières, Belgique",BRUXELLES,"24,237"
3060,"3060 Korbeek-Dijle, Belgique",BRUXELLES,"24,704"
9403,"9403 Neigem, Belgique",BRUXELLES,"24,89"
9320,"9320 Erembodegem, Belgique",BRUXELLES,"24,92"
2830,"2830 Tisselt, Belgique",BRUXELLES,"25,3"
1410,"1410 WATERLOO, Belgique",BRUXELLES,"25,47"
1502,"1502 Lembeek, Belgique",BRUXELLES,"25,48"
1540,"1540 Herfelingen, Belgique",BRUXELLES,"25,75"
1500,"1500 HALLE, Belgique",BRUXELLES,"25,99"
9400,"9400 Lieferinge, Belgique",BRUXELLES,"26,119"
9401,"9401 Pollare, Belgique",BRUXELLES,"26,13"
1440,"1440 Wauthier-Braine, Belgique",BRUXELLES,"26,97"
3080,"3080 Vossem, Belgique",BRUXELLES,"27,024"
1301,"1301 Bierges, Belgique",BRUXELLES,"27,04"
3050,"3050 OUD-HEVERLEE, Belgique",BRUXELLES,"27,13"
1330,"1330 RIXENSART, Belgique",BRUXELLES,"27,578"
9450,"9450 HAALTERT, Belgique",BRUXELLES,"27,84"
2870,"2870 PUURS, Belgique",BRUXELLES,"28,173"
9300,"9300 AALST, Belgique",BRUXELLES,"28,22"
9473,"9473 Welle, Belgique",BRUXELLES,"28,24"
1981,"1981 Hofstade, Belgique",BRUXELLES,"28,77"
9308,"9308 Hofstade, Belgique",BRUXELLES,"28,77"
3000,"3000 LEUVEN, Belgique",BRUXELLES,"28,83"
1300,"1300 WAVRE, Belgique",BRUXELLES,"29,17"
2890,"2890 Lippelo, Belgique",BRUXELLES,"29,19"
9451,"9451 Kerksken, Belgique",BRUXELLES,"29,39"
3020,"3020 Winksele, Belgique",BRUXELLES,"29,744"
9506,"9506 Zandbergen, Belgique",BRUXELLES,"29,82"
2850,"2850 BOOM, Belgique",BRUXELLES,"29,97"
2801,"2801 Heffen, Belgique",BRUXELLES,"30,03"
1673,"1673 Beert, Belgique",BRUXELLES,"30,24"
1420,"1420 BRAINE-L'ALLEUD, Belgique",BRUXELLES,"30,31"
3012,"3012 Wilsele, Belgique",BRUXELLES,"30,34"
3040,"3040 Ottenburg, Belgique",BRUXELLES,"30,609"
9280,"9280 LEBBEKE, Belgique",BRUXELLES,"30,764"
9472,"9472 Iddergem, Belgique",BRUXELLES,"30,807"
1480,"1480 TUBIZE, Belgique",BRUXELLES,"30,888"
1570,"1570 Vollezele, Belgique",BRUXELLES,"30,96"
3001,"3001 Heverlee, Belgique",BRUXELLES,"31,317"
3191,"3191 Hever, Belgique",BRUXELLES,"31,32"
3052,"3052 Blanden, Belgique",BRUXELLES,"31,37"
3010,"3010 Kessel Lo, Belgique",BRUXELLES,"31,6"
1461,"1461 Haut-Ittre, Belgique",BRUXELLES,"31,65"
1421,"1421 Ophain-Bois-Seigneur-Isaac, Belgique",BRUXELLES,"31,66"
3053,"3053 Haasrode, Belgique",BRUXELLES,"31,765"
2811,"2811 Leest, Belgique",BRUXELLES,"31,85"
3054,"3054 Vaalbeek, Belgique",BRUXELLES,"32,01"
2812,"2812 Muizen, Belgique",BRUXELLES,"32,23"
2800,"2800 MECHELEN, Belgique",BRUXELLES,"32,347"
9420,"9420 Mere, Belgique",BRUXELLES,"32,57"
2880,"2880 Hingene, Belgique",BRUXELLES,"32,68"
3190,"3190 BOORTMEERBEEK, Belgique",BRUXELLES,"33,02"
9310,"9310 Herdersem, Belgique",BRUXELLES,"33,479"
1390,"1390 Nethen, Belgique",BRUXELLES,"33,67"
1348,"1348 Louvain-La-Neuve, Belgique",BRUXELLES,"33,86"
2845,"2845 NIEL, Belgique",BRUXELLES,"33,95"
3018,"3018 Wijgmaal, Belgique",BRUXELLES,"34,03"
1430,"1430 Rebecq-Rognon, Belgique",BRUXELLES,"34,61"
1340,"1340 Ottignies, Belgique",BRUXELLES,"34,917"
2630,"2630 AARTSELAAR, Belgique",BRUXELLES,"34,93"
3150,"3150 HAACHT, Belgique",BRUXELLES,"34,99"
2820,"2820 BONHEIDEN, Belgique",BRUXELLES,"35,35"
2627,"2627 SCHELLE, Belgique",BRUXELLES,"35,46"
3220,"3220 HOLSBEEK, Belgique",BRUXELLES,"35,56"
9404,"9404 Aspelare, Belgique",BRUXELLES,"35,75"
1341,"1341 Céroux-Mousty, Belgique",BRUXELLES,"35,82"
1342,"1342 Limelette, Belgique",BRUXELLES,"35,9"
9520,"9520 Zonnegem, Belgique",BRUXELLES,"35,949"
9552,"9552 Borsbeke, Belgique",BRUXELLES,"36,2"
9406,"9406 Outer, Belgique",BRUXELLES,"36,42"
1473,"1473 Glabais, Belgique",BRUXELLES,"36,43"
3111,"3111 Wezemaal, Belgique",BRUXELLES,"36,59"
3212,"3212 Pellenberg, Belgique",BRUXELLES,"36,62"
1428,"1428 Lillois-Witterzée, Belgique",BRUXELLES,"37,04"
3110,"3110 ROTSELAAR, Belgique",BRUXELLES,"37,05"
1470,"1470 GENAPPE, Belgique",BRUXELLES,"37,06"
9260,"9260 WICHELEN, Belgique",BRUXELLES,"37,17"
7850,"7850 Petit-Enghien, Belgique",BRUXELLES,"37,49"
2620,"2620 HEMIKSEM, Belgique",BRUXELLES,"37,62"
1474,"1474 Ways, Belgique",BRUXELLES,"37,82"
1472,"1472 Vieux-Genappe, Belgique",BRUXELLES,"37,825"
9551,"9551 Ressegem, Belgique",BRUXELLES,"38,05"
1435,"1435 Corbais, Belgique",BRUXELLES,"38,101"
9521,"9521 Letterhoutem, Belgique",BRUXELLES,"38,345"
1320,"1320 Nodebais, Belgique",BRUXELLES,"38,351"
3140,"3140 KEERBERGEN, Belgique",BRUXELLES,"38,4"
2610,"2610 Wilrijk, Belgique",BRUXELLES,"38,42"
9140,"9140 TEMSE, Belgique",BRUXELLES,"38,72"
3360,"3360 Opvelp, Belgique",BRUXELLES,"38,736"
9290,"9290 BERLARE, Belgique",BRUXELLES,"39,03"
1402,"1402 Thines, Belgique",BRUXELLES,"39,527"
1400,"1400 NIVELLES, Belgique",BRUXELLES,"39,908"
1048,"1048 Union Européenne - Conseil, Belgique",BRUXELLES,"4,205"
1020,"1020 Laeken, Belgique",BRUXELLES,"4,34"
1041,"1041 International Press Center, Belgique",BRUXELLES,"4,35"
1046,"1046 European External Action Service, Belgique",BRUXELLES,"4,42"
1083,"1083 GANSHOREN, Belgique",BRUXELLES,"4,91"
1471,"1471 Loupoigne, Belgique",BRUXELLES,"40,06"
3118,"3118 Werchter, Belgique",BRUXELLES,"40,12"
1457,"1457 Tourinnes-Saint-Lambert, Belgique",BRUXELLES,"40,877"
2660,"2660 Hoboken, Belgique",BRUXELLES,"40,982"
1404,"1404 Bornival, Belgique",BRUXELLES,"41,06"
3300,"3300 Kumtich, Belgique",BRUXELLES,"41,657"
2860,"2860 SINT-KATELIJNE-WAVER, Belgique",BRUXELLES,"41,67"
7090,"7090 BRAINE-LE-COMTE, Belgique",BRUXELLES,"41,899"
2570,"2570 DUFFEL, Belgique",BRUXELLES,"42,21"
1450,"1450 CHASTRE, Belgique",BRUXELLES,"42,23"
3130,"3130 Betekom, Belgique",BRUXELLES,"42,25"
1476,"1476 Houtain-Le-Val, Belgique",BRUXELLES,"42,34"
9150,"9150 Rupelmonde, Belgique",BRUXELLES,"42,6"
9550,"9550 HERZELE, Belgique",BRUXELLES,"42,652"
3120,"3120 TREMELO, Belgique",BRUXELLES,"42,88"
9860,"9860 Gijzenzele, Belgique",BRUXELLES,"43,21"
612,"612 Saint-Nicolas, Belgique",BRUXELLES,"43,36"
9100,"9100 SINT-NIKLAAS, Belgique",BRUXELLES,"43,36"
7181,"7181 Petit-Roeulx-Lez-Nivelles, Belgique",BRUXELLES,"43,475"
1360,"1360 Orbais, Belgique",BRUXELLES,"43,581"
5030,"5030 Ernage, Belgique",BRUXELLES,"43,668"
2861,"2861 Onze-Lieve-Vrouw-Waver, Belgique",BRUXELLES,"44,21"
9230,"9230 Westrem, Belgique",BRUXELLES,"44,35"
3200,"3200 Gelrode, Belgique",BRUXELLES,"44,38"
9220,"9220 Moerzeke, Belgique",BRUXELLES,"44,44"
3221,"3221 Nieuwrode, Belgique",BRUXELLES,"44,6"
9090,"9090 Gontrode, Belgique",BRUXELLES,"44,77"
2018,"2018 ANTWERPEN, Belgique",BRUXELLES,"44,78"
2020,"2020 ANTWERPEN, Belgique",BRUXELLES,"44,78"
2030,"2030 ANTWERPEN, Belgique",BRUXELLES,"44,78"
2040,"2040 ANTWERPEN, Belgique",BRUXELLES,"44,78"
2050,"2050 ANTWERPEN, Belgique",BRUXELLES,"44,78"
2060,"2060 ANTWERPEN, Belgique",BRUXELLES,"44,78"
2000,"2000 ANTWERPEN, Belgique",BRUXELLES,"44,799"
9120,"9120 Haasdonk, Belgique",BRUXELLES,"45,01"
9571,"9571 Hemelveerdegem, Belgique",BRUXELLES,"45,03"
1490,"1490 COURT-SAINT-ETIENNE, Belgique",BRUXELLES,"45,04"
3210,"3210 LUBBEEK, Belgique",BRUXELLES,"45,059"
9570,"9570 LIERDE, Belgique",BRUXELLES,"45,172"
6230,"6230 Obaix, Belgique",BRUXELLES,"45,43"
3128,"3128 Baal, Belgique",BRUXELLES,"45,45"
3320,"3320 HOEGAARDEN, Belgique",BRUXELLES,"45,561"
6210,"6210 LES BONS VILLERS, Belgique",BRUXELLES,"45,88"
1541,"1541 Sint-Pieters-Kapelle, Belgique",BRUXELLES,"46,2"
3202,"3202 Rillaar, Belgique",BRUXELLES,"46,33"
2070,"2070 Burcht, Belgique",BRUXELLES,"46,396"
3390,"3390 Houwaart, Belgique",BRUXELLES,"46,65"
3321,"3321 Outgaarden, Belgique",BRUXELLES,"47,12"
2547,"2547 LINT, Belgique",BRUXELLES,"47,14"
3211,"3211 Binkom, Belgique",BRUXELLES,"47,203"
9820,"9820 Lemberge, Belgique",BRUXELLES,"47,24"
7180,"7180 SENEFFE, Belgique",BRUXELLES,"47,82"
9111,"9111 Belsele, Belgique",BRUXELLES,"47,91"
2650,"2650 EDEGEM, Belgique",BRUXELLES,"47,92"
3380,"3380 Bunsbeek, Belgique",BRUXELLES,"47,93"
2140,"2140 Borgerhout, Belgique",BRUXELLES,"47,99"
2580,"2580 PUTTE, Belgique",BRUXELLES,"48,03"
2223,"2223 Schriek, Belgique",BRUXELLES,"48,07"
9572,"9572 Sint-Martens-Lierde, Belgique",BRUXELLES,"48,08"
2500,"2500 Koningshooikt, Belgique",BRUXELLES,"48,24"
3201,"3201 Langdorp, Belgique",BRUXELLES,"48,46"
2100,"2100 Deurne, Belgique",BRUXELLES,"48,87"
3290,"3290 Deurne, Belgique",BRUXELLES,"48,87"
2075,"2075 CSM Antwerpen X, Belgique",BRUXELLES,"48,997"
2540,"2540 HOVE, Belgique",BRUXELLES,"49,22"
7060,"7060 Horrues, Belgique",BRUXELLES,"49,59"
3384,"3384 Attenrode, Belgique",BRUXELLES,"49,61"
9500,"9500 GERAARDSBERGEN, Belgique",BRUXELLES,"49,692"
5031,"5031 Grand-Leez, Belgique",BRUXELLES,"49,748"
7170,"7170 MANAGE, Belgique",BRUXELLES,"49,78"
9250,"9250 WAASMUNSTER, Belgique",BRUXELLES,"49,83"
1370,"1370 Dongelberg, Belgique",BRUXELLES,5
1040,"1040 ETTERBEEK, Belgique",BRUXELLES,"5,09"
1043,"1043 VRT, Belgique",BRUXELLES,"5,12"
1044,"1044 RTBF, Belgique",BRUXELLES,"5,18"
1070,"1070 ANDERLECHT, Belgique",BRUXELLES,"5,188"
1060,"1060 SAINT-GILLES, Belgique",BRUXELLES,"5,53"
1050,"1050 IXELLES, Belgique",BRUXELLES,"5,64"
1090,"1090 JETTE, Belgique",BRUXELLES,"5,85"
9112,"9112 Sinaai-Waas, Belgique",BRUXELLES,"50,02"
7190,"7190 Marche-Lez-Ecaussinnes, Belgique",BRUXELLES,"50,439"
2640,"2640 MORTSEL, Belgique",BRUXELLES,"50,91"
9630,"9630 Rozebeke, Belgique",BRUXELLES,"51,049"
1547,"1547 BIÉVÈNE, Belgique",BRUXELLES,"51,101"
1357,"1357 Opheylissem, Belgique",BRUXELLES,"51,18"
2150,"2150 BORSBEEK, Belgique",BRUXELLES,"51,25"
7830,"7830 SILLY, Belgique",BRUXELLES,"51,288"
3470,"3470 Sint-Margriete-Houtem, Belgique",BRUXELLES,"51,35"
6222,"6222 Brye, Belgique",BRUXELLES,"51,41"
7866,"7866 Bois-De-Lessines, Belgique",BRUXELLES,"51,46"
2230,"2230 Ramsel, Belgique",BRUXELLES,"51,57"
7063,"7063 Chaussée-Notre-Dame-Louvignies, Belgique",BRUXELLES,"51,615"
5032,"5032 Corroy-Le-Château, Belgique",BRUXELLES,"51,7"
6238,"6238 Liberchies, Belgique",BRUXELLES,"51,7"
2600,"2600 Berchem, Belgique",BRUXELLES,"51,93"
9690,"9690 Berchem, Belgique",BRUXELLES,"51,93"
9660,"9660 Sint-Maria-Oudenhove, Belgique",BRUXELLES,"51,937"
2110,"2110 WIJNEGEM, Belgique",BRUXELLES,"52,04"
1350,"1350 Noduwez, Belgique",BRUXELLES,"52,05"
1495,"1495 Tilly, Belgique",BRUXELLES,"52,121"
2170,"2170 Merksem, Belgique",BRUXELLES,"52,248"
7191,"7191 Ecaussinnes-Lalaing, Belgique",BRUXELLES,"52,3"
3471,"3471 Hoeleden, Belgique",BRUXELLES,"52,31"
9636,"9636 Nederzwalm-Hermelgem, Belgique",BRUXELLES,"52,34"
2900,"2900 SCHOTEN, Belgique",BRUXELLES,"52,59"
5140,"5140 SOMBREFFE, Belgique",BRUXELLES,"52,732"
9661,"9661 Parike, Belgique",BRUXELLES,"52,74"
3270,"3270 Scherpenheuvel, Belgique",BRUXELLES,"52,887"
9052,"9052 Zwijnaarde, Belgique",BRUXELLES,"53,16"
2590,"2590 BERLAAR, Belgique",BRUXELLES,"53,259"
3272,"3272 Messelbroek, Belgique",BRUXELLES,"53,39"
9050,"9050 Ledeberg, Belgique",BRUXELLES,"53,43"
2160,"2160 WOMMELGEM, Belgique",BRUXELLES,"53,45"
7160,"7160 Godarville, Belgique",BRUXELLES,"53,57"
9190,"9190 Kemzeke, Belgique",BRUXELLES,"53,58"
2530,"2530 BOECHOUT, Belgique",BRUXELLES,"53,72"
2235,"2235 Houtvenne, Belgique",BRUXELLES,"53,78"
9051,"9051 Sint-Denijs-Westrem, Belgique",BRUXELLES,"53,89"
9070,"9070 Heusden, Belgique",BRUXELLES,"53,91"
3350,"3350 Overhespen, Belgique",BRUXELLES,"53,97"
7512,"7512 Yves Rocher, Belgique",BRUXELLES,"54,08"
7513,"7513 Yves Rocher, Belgique",BRUXELLES,"54,08"
6221,"6221 Saint-Amand, Belgique",BRUXELLES,"54,19"
7822,"7822 Ghislenghien, Belgique",BRUXELLES,"54,35"
3460,"3460 Assent, Belgique",BRUXELLES,"54,63"
2531,"2531 Vremde, Belgique",BRUXELLES,"54,779"
9667,"9667 Sint-Maria-Horebeke, Belgique",BRUXELLES,"54,977"
5081,"5081 Meux, Belgique",BRUXELLES,"55,12"
8791,"8791 Beveren, Belgique",BRUXELLES,"55,25"
2221,"2221 Booischot, Belgique",BRUXELLES,"55,39"
9840,"9840 Zevergem, Belgique",BRUXELLES,"55,41"
4287,"4287 Racour, Belgique",BRUXELLES,"55,43"
2180,"2180 Ekeren, Belgique",BRUXELLES,"55,63"
3461,"3461 Molenbeek-Wersbeek, Belgique",BRUXELLES,"55,64"
2220,"2220 HEIST-OP-DEN-BERG, Belgique",BRUXELLES,"55,74"
7110,"7110 Houdeng-Aimeries, Belgique",BRUXELLES,"55,85"
7860,"7860 LESSINES, Belgique",BRUXELLES,"56,041"
9240,"9240 ZELE, Belgique",BRUXELLES,"56,44"
9040,"9040 Sint-Amandsberg, Belgique",BRUXELLES,"56,463"
9830,"9830 SINT-MARTENS-LATEM, Belgique",BRUXELLES,"56,5"
9160,"9160 LOKEREN, Belgique",BRUXELLES,"56,61"
7823,"7823 Gibecq, Belgique",BRUXELLES,"56,68"
7100,"7100 LA LOUVIÈRE, Belgique",BRUXELLES,"56,71"
9000,"9000 GENT, Belgique",BRUXELLES,"56,88"
9075,"9075 CSM Gent X, Belgique",BRUXELLES,"56,882"
9099,"9099 Gent X, Belgique",BRUXELLES,"56,882"
3391,"3391 Meensel-Kiezegem, Belgique",BRUXELLES,"57,02"
3293,"3293 Kaggevinne, Belgique",BRUXELLES,"57,04"
2930,"2930 BRASSCHAAT, Belgique",BRUXELLES,"57,14"
7943,"7943 Gages, Belgique",BRUXELLES,"57,315"
2970,"2970 SCHILDE, Belgique",BRUXELLES,"57,46"
2222,"2222 Itegem, Belgique",BRUXELLES,"57,52"
6041,"6041 Gosselies, Belgique",BRUXELLES,"57,55"
7070,"7070 LE ROEULX, Belgique",BRUXELLES,"57,616"
7864,"7864 Deux-Acren, Belgique",BRUXELLES,"57,65"
7870,"7870 LENS, Belgique",BRUXELLES,"57,904"
7062,"7062 Naast, Belgique",BRUXELLES,"58,05"
9031,"9031 Drongen, Belgique",BRUXELLES,"58,3"
9810,"9810 Eke, Belgique",BRUXELLES,"58,61"
7141,"7141 Carnières, Belgique",BRUXELLES,59
9130,"9130 Verrebroek, Belgique",BRUXELLES,59
2099,"2099 Antwerpen x, Belgique",BRUXELLES,"59,04"
3473,"3473 Waanrode, Belgique",BRUXELLES,"59,04"
9831,"9831 Deurle, Belgique",BRUXELLES,"59,043"
6040,"6040 Jumet, Belgique",BRUXELLES,"59,38"
2950,"2950 KAPELLEN, Belgique",BRUXELLES,"59,48"
3381,"3381 Kapellen, Belgique",BRUXELLES,"59,48"
7940,"7940 BRUGELETTE, Belgique",BRUXELLES,"59,54"
7810,"7810 Maffle, Belgique",BRUXELLES,"59,55"
3294,"3294 Molenstede, Belgique",BRUXELLES,"59,88"
3404,"3404 Neerlanden, Belgique",BRUXELLES,"59,88"
9688,"9688 Schorisse, Belgique",BRUXELLES,"59,92"
7800,"7800 ATH, Belgique",BRUXELLES,"59,93"
2260,"2260 WESTERLO, Belgique",BRUXELLES,6
6180,"6180 COURCELLES, Belgique",BRUXELLES,"60,1"
7061,"7061 Casteau, Belgique",BRUXELLES,"60,11"
7861,"7861 Wannebecq, Belgique",BRUXELLES,"60,236"
3545,"3545 Loksbergen, Belgique",BRUXELLES,"60,24"
7942,"7942 Mévergnies-Lez-Lens, Belgique",BRUXELLES,"60,26"
6211,"6211 Mellet, Belgique",BRUXELLES,"60,44"
7804,"7804 Rebaix, Belgique",BRUXELLES,"60,67"
7941,"7941 Attre, Belgique",BRUXELLES,"60,78"
6044,"6044 Roux, Belgique",BRUXELLES,"60,92"
9270,"9270 LAARNE, Belgique",BRUXELLES,"61,134"
9080,"9080 Beervelde, Belgique",BRUXELLES,"61,174"
5003,"5003 Saint-Marc, Belgique",BRUXELLES,"61,33"
6150,"6150 ANDERLUES, Belgique",BRUXELLES,"61,44"
6042,"6042 Lodelinsart, Belgique",BRUXELLES,"61,469"
9041,"9041 Oostakker, Belgique",BRUXELLES,"62,02"
6181,"6181 Gouy-Lez-Piéton, Belgique",BRUXELLES,"62,32"
2240,"2240 ZANDHOVEN, Belgique",BRUXELLES,"62,392"
2431,"2431 Varendonk, Belgique",BRUXELLES,"62,485"
6043,"6043 Ransart, Belgique",BRUXELLES,"62,61"
6220,"6220 Heppignies, Belgique",BRUXELLES,"62,7"
5012,"5012 Parlement Wallon, Belgique",BRUXELLES,"62,773"
3472,"3472 Kersbeek-Miskom, Belgique",BRUXELLES,"62,788"
2200,"2200 Morkhoven, Belgique",BRUXELLES,"62,8"
6183,"6183 Trazegnies, Belgique",BRUXELLES,"62,84"
3800,"3800 Halmaal, Belgique",BRUXELLES,"62,872"
9921,"9921 Vinderhoute, Belgique",BRUXELLES,"62,873"
7134,"7134 Péronnes-Lez-Binche, Belgique",BRUXELLES,"62,96"
9890,"9890 GAVERE, Belgique",BRUXELLES,63
6000,"6000 CHARLEROI, Belgique",BRUXELLES,"63,032"
7803,"7803 Bouvignies, Belgique",BRUXELLES,"63,1"
6060,"6060 Gilly, Belgique",BRUXELLES,"63,273"
9680,"9680 MAARKEDAL, Belgique",BRUXELLES,"63,276"
5022,"5022 Cognelée, Belgique",BRUXELLES,"63,28"
2520,"2520 Broechem, Belgique",BRUXELLES,"63,545"
7021,"7021 Havre, Belgique",BRUXELLES,"63,67"
3440,"3440 Budingen, Belgique",BRUXELLES,"63,754"
6075,"6075 CSM Charleroi X, Belgique",BRUXELLES,"63,83"
3803,"3803 Duras, Belgique",BRUXELLES,"64,008"
7034,"7034 Saint-Denis, Belgique",BRUXELLES,"64,05"
5000,"5000 Beez, Belgique",BRUXELLES,"64,48"
7862,"7862 Ogy, Belgique",BRUXELLES,"64,53"
1033,"1033 RTL-TVI, Belgique",BRUXELLES,"64,59"
5002,"5002 Saint-Servais, Belgique",BRUXELLES,"64,617"
7863,"7863 Ghoy, Belgique",BRUXELLES,"64,78"
5004,"5004 Bouge, Belgique",BRUXELLES,"64,83"
6182,"6182 Souvret, Belgique",BRUXELLES,"64,88"
6099,"6099 Charleroi X, Belgique",BRUXELLES,"65,2"
6020,"6020 Dampremy, Belgique",BRUXELLES,"65,31"
2960,"2960 Sint-Job-In-'T-Goor, Belgique",BRUXELLES,"65,35"
7131,"7131 Waudrez, Belgique",BRUXELLES,"65,38"
2242,"2242 Pulderbos, Belgique",BRUXELLES,"65,51"
5021,"5021 Boninne, Belgique",BRUXELLES,"65,57"
7890,"7890 Lahamaide, Belgique",BRUXELLES,"65,67"
2560,"2560 NIJLEN, Belgique",BRUXELLES,"65,901"
9032,"9032 Wondelgem, Belgique",BRUXELLES,"66,11"
6010,"6010 Couillet, Belgique",BRUXELLES,"66,2"
7812,"7812 Villers-Saint-Amand, Belgique",BRUXELLES,"66,51"
7130,"7130 Bray, Belgique",BRUXELLES,"66,584"
6001,"6001 Marcinelle, Belgique",BRUXELLES,"66,66"
6061,"6061 Montignies-Sur-Sambre, Belgique",BRUXELLES,"66,67"
9920,"9920 LOVENDEGEM, Belgique",BRUXELLES,"66,84"
5101,"5101 Lives-Sur-Meuse, Belgique",BRUXELLES,"66,875"
9042,"9042 Desteldonk, Belgique",BRUXELLES,67
9750,"9750 Huise, Belgique",BRUXELLES,67
7950,"7950 CHIÈVRES, Belgique",BRUXELLES,"67,024"
7030,"7030 Saint-Symphorien, Belgique",BRUXELLES,"67,144"
2430,"2430 Eindhout, Belgique",BRUXELLES,"67,26"
6240,"6240 Pironchamps, Belgique",BRUXELLES,"67,36"
5100,"5100 Jambes, Belgique",BRUXELLES,"67,44"
4219,"4219 Ambresin, Belgique",BRUXELLES,"67,46"
6141,"6141 Forchies-La-Marche, Belgique",BRUXELLES,"67,48"
3560,"3560 LUMMEN, Belgique",BRUXELLES,"67,494"
4257,"4257 Rosoux-Crenwick, Belgique",BRUXELLES,"67,721"
5024,"5024 Gelbressée, Belgique",BRUXELLES,"67,77"
2243,"2243 Pulle, Belgique",BRUXELLES,"67,79"
7880,"7880 FLOBECQ, Belgique",BRUXELLES,"67,99"
7031,"7031 Villers-Saint-Ghislain, Belgique",BRUXELLES,"68,11"
2980,"2980 ZOERSEL, Belgique",BRUXELLES,"68,183"
6140,"6140 FONTAINE-L'EVÊQUE, Belgique",BRUXELLES,"68,25"
5060,"5060 Keumiée, Belgique",BRUXELLES,"68,32"
6224,"6224 Wanfercée-Baulet, Belgique",BRUXELLES,"68,494"
6280,"6280 Loverval, Belgique",BRUXELLES,"68,53"
7802,"7802 Ormeignies, Belgique",BRUXELLES,"68,68"
7000,"7000 MONS, Belgique",BRUXELLES,"68,93"
5150,"5150 Soye, Belgique",BRUXELLES,"69,01"
3891,"3891 Muizen, Belgique",BRUXELLES,"69,267"
3980,"3980 TESSENDERLO, Belgique",BRUXELLES,"69,27"
7032,"7032 Spiennes, Belgique",BRUXELLES,"69,4"
7022,"7022 Hyon, Belgique",BRUXELLES,"69,5"
6031,"6031 Monceau-Sur-Sambre, Belgique",BRUXELLES,"69,56"
7133,"7133 Buvrinnes, Belgique",BRUXELLES,"69,64"
3806,"3806 Velm, Belgique",BRUXELLES,"69,79"
7010,"7010 SHAPE, Belgique",BRUXELLES,"69,876"
2288,"2288 Bouwel, Belgique",BRUXELLES,"69,9"
1105,"1105 SOC, Belgique",BRUXELLES,"7,1"
1120,"1120 Neder-Over-Heembeek, Belgique",BRUXELLES,"7,11"
1140,"1140 EVERE, Belgique",BRUXELLES,"7,19"
1853,"1853 Strombeek-Bever, Belgique",BRUXELLES,"7,69"
1190,"1190 FOREST, Belgique",BRUXELLES,"7,79"
9940,"9940 Sleidinge, Belgique",BRUXELLES,"70,013"
5001,"5001 Belgrade, Belgique",BRUXELLES,"70,191"
9881,"9881 Bellem, Belgique",BRUXELLES,"70,409"
7951,"7951 Tongre-Notre-Dame, Belgique",BRUXELLES,"70,41"
6032,"6032 Mont-Sur-Marchienne, Belgique",BRUXELLES,"70,43"
3540,"3540 Berbroek, Belgique",BRUXELLES,"70,476"
6530,"6530 THUIN, Belgique",BRUXELLES,"70,51"
6534,"6534 Gozée, Belgique",BRUXELLES,"70,51"
7332,"7332 Neufmaison, Belgique",BRUXELLES,"70,78"
9870,"9870 Machelen, Belgique",BRUXELLES,"71,113"
3510,"3510 Spalbeek, Belgique",BRUXELLES,"71,47"
9930,"9930 ZOMERGEM, Belgique",BRUXELLES,"71,52"
9950,"9950 WAARSCHOOT, Belgique",BRUXELLES,"71,54"
4253,"4253 Darion, Belgique",BRUXELLES,"71,74"
2280,"2280 GROBBENDONK, Belgique",BRUXELLES,"71,75"
6540,"6540 LOBBES, Belgique",BRUXELLES,"71,88"
6142,"6142 Leernes, Belgique",BRUXELLES,"71,884"
7903,"7903 Blicquy, Belgique",BRUXELLES,"71,89"
9770,"9770 KRUISHOUTEM, Belgique",BRUXELLES,"71,99"
4254,"4254 Ligney, Belgique",BRUXELLES,"72,21"
3454,"3454 Rummen, Belgique",BRUXELLES,"72,23"
4263,"4263 Tourinne, Belgique",BRUXELLES,"72,332"
6120,"6120 Jamioulx, Belgique",BRUXELLES,"72,54"
3450,"3450 Grazen, Belgique",BRUXELLES,"72,757"
5330,"5330 Sart-Bernard, Belgique",BRUXELLES,"72,85"
4250,"4250 Lens-Saint-Servais, Belgique",BRUXELLES,"72,862"
4300,"4300 Grand-Axhe, Belgique",BRUXELLES,"72,902"
4261,"4261 Latinne, Belgique",BRUXELLES,"72,91"
6200,"6200 Bouffioulx, Belgique",BRUXELLES,"73,025"
2390,"2390 MALLE, Belgique",BRUXELLES,"73,085"
4217,"4217 Waret-L'Evêque, Belgique",BRUXELLES,"73,1"
9932,"9932 Ronsele, Belgique",BRUXELLES,"73,577"
2270,"2270 HERENTHOUT, Belgique",BRUXELLES,"73,61"
7972,"7972 Aubechies, Belgique",BRUXELLES,"73,7"
2920,"2920 KALMTHOUT, Belgique",BRUXELLES,"73,72"
7011,"7011 Ghlin, Belgique",BRUXELLES,"73,74"
5340,"5340 Mozet, Belgique",BRUXELLES,74
6531,"6531 Biesme-Sous-Thuin, Belgique",BRUXELLES,"74,27"
6536,"6536 Donstiennes, Belgique",BRUXELLES,"74,27"
6532,"6532 Ragnies, Belgique",BRUXELLES,"74,301"
6533,"6533 Biercée, Belgique",BRUXELLES,"74,39"
7012,"7012 Jemappes, Belgique",BRUXELLES,"74,465"
2275,"2275 Wechelderzande, Belgique",BRUXELLES,"74,52"
9800,"9800 Wontergem, Belgique",BRUXELLES,"74,634"
3840,"3840 Gotem, Belgique",BRUXELLES,"74,694"
3890,"3890 Boekhout, Belgique",BRUXELLES,"74,742"
6250,"6250 Roselies, Belgique",BRUXELLES,"74,749"
3512,"3512 Stevoort, Belgique",BRUXELLES,"74,86"
3580,"3580 BERINGEN, Belgique",BRUXELLES,"74,96"
4530,"4530 Vieux-Waleffe, Belgique",BRUXELLES,"75,04"
7041,"7041 Givry, Belgique",BRUXELLES,"75,09"
2290,"2290 VORSELAAR, Belgique",BRUXELLES,"75,11"
2990,"2990 Loenhout, Belgique",BRUXELLES,"75,15"
3830,"3830 Berlingen, Belgique",BRUXELLES,"75,17"
6110,"6110 MONTIGNY-LE-TILLEUL, Belgique",BRUXELLES,"75,247"
6111,"6111 Landelies, Belgique",BRUXELLES,"75,32"
9771,"9771 Nokere, Belgique",BRUXELLES,"75,32"
4252,"4252 Omal, Belgique",BRUXELLES,"75,59"
6590,"6590 MOMIGNIES, Belgique",BRUXELLES,"75,85"
4210,"4210 Lamontzée, Belgique",BRUXELLES,"76,113"
9060,"9060 ZELZATE, Belgique",BRUXELLES,"76,28"
7050,"7050 Erbaut, Belgique",BRUXELLES,"76,389"
6592,"6592 Monceau-Imbrechies, Belgique",BRUXELLES,"76,48"
4218,"4218 Couthuin, Belgique",BRUXELLES,"76,51"
5336,"5336 Courrière, Belgique",BRUXELLES,"76,56"
7033,"7033 Cuesmes, Belgique",BRUXELLES,"76,76"
7331,"7331 Baudour, Belgique",BRUXELLES,"76,83"
9185,"9185 WACHTEBEKE, Belgique",BRUXELLES,"76,83"
6591,"6591 Macon, Belgique",BRUXELLES,"76,93"
4350,"4350 Pousset, Belgique",BRUXELLES,"77,123"
7970,"7970 BELOEIL, Belgique",BRUXELLES,"77,37"
7904,"7904 Tourpes, Belgique",BRUXELLES,"77,41"
3831,"3831 Herten, Belgique",BRUXELLES,"77,522"
9681,"9681 Nukerke, Belgique",BRUXELLES,"77,65"
8793,"8793 Sint-Eloois-Vijve, Belgique",BRUXELLES,"77,66"
8755,"8755 RUISELEDE, Belgique",BRUXELLES,"77,665"
5333,"5333 Sorinne-La-Longue, Belgique",BRUXELLES,"77,72"
7080,"7080 FRAMERIES, Belgique",BRUXELLES,"77,74"
4260,"4260 Fumal, Belgique",BRUXELLES,"77,764"
5070,"5070 Sart-Saint-Laurent, Belgique",BRUXELLES,"77,78"
9900,"9900 EEKLO, Belgique",BRUXELLES,"77,859"
3583,"3583 Paal, Belgique",BRUXELLES,"77,96"
7971,"7971 Wadelincourt, Belgique",BRUXELLES,"78,15"
7901,"7901 Thieulain, Belgique",BRUXELLES,"78,19"
3511,"3511 Stokrooie, Belgique",BRUXELLES,"78,31"
4317,"4317 Aineffe, Belgique",BRUXELLES,"78,454"
9910,"9910 KNESSELARE, Belgique",BRUXELLES,"78,46"
9180,"9180 MOERBEKE-WAAS, Belgique",BRUXELLES,"78,52"
6567,"6567 Merbes-Sainte-Marie, Belgique",BRUXELLES,"78,54"
4360,"4360 OREYE, Belgique",BRUXELLES,"78,562"
2340,"2340 Vlimmeren, Belgique",BRUXELLES,"78,66"
8790,"8790 WAREGEM, Belgique",BRUXELLES,"78,72"
3582,"3582 Koersel, Belgique",BRUXELLES,"79,1"
4357,"4357 Limont, Belgique",BRUXELLES,"79,12"
5332,"5332 Crupet, Belgique",BRUXELLES,"79,12"
8700,"8700 Kanegem, Belgique",BRUXELLES,"79,25"
8720,"8720 Wakken, Belgique",BRUXELLES,"79,288"
7024,"7024 Ciply, Belgique",BRUXELLES,"79,33"
4351,"4351 Hodeige, Belgique",BRUXELLES,"79,48"
3550,"3550 Zolder, Belgique",BRUXELLES,"79,504"
2250,"2250 OLEN, Belgique",BRUXELLES,"79,86"
2310,"2310 RIJKEVORSEL, Belgique",BRUXELLES,"79,9"
1200,"1200 WOLUWE-SAINT-LAMBERT, Belgique",BRUXELLES,"8,35"
1101,"1101 Scanning, Belgique",BRUXELLES,"8,45"
1701,"1701 Itterbeek, Belgique",BRUXELLES,"8,6"
1099,"1099 Bruxelles X, Belgique",BRUXELLES,"8,768"
1702,"1702 Groot-Bijgaarden, Belgique",BRUXELLES,"8,77"
1130,"1130 Haren, Belgique",BRUXELLES,"8,852"
7330,"7330 SAINT-GHISLAIN, Belgique",BRUXELLES,"80,19"
9790,"9790 Moregem, Belgique",BRUXELLES,"80,298"
7760,"7760 Popuelles, Belgique",BRUXELLES,"80,324"
7040,"7040 Genly, Belgique",BRUXELLES,"80,4"
7301,"7301 Hornu, Belgique",BRUXELLES,"80,43"
7910,"7910 Arc-Ainières, Belgique",BRUXELLES,"80,527"
7912,"7912 Dergneau, Belgique",BRUXELLES,"80,527"
7390,"7390 QUAREGNON, Belgique",BRUXELLES,"80,681"
4520,"4520 Vinalmont, Belgique",BRUXELLES,"80,75"
7334,"7334 Villerot, Belgique",BRUXELLES,81
7340,"7340 Wasmes, Belgique",BRUXELLES,81
4537,"4537 Seraing-Le-Château, Belgique",BRUXELLES,"81,1"
7333,"7333 Tertre, Belgique",BRUXELLES,"81,221"
2910,"2910 ESSEN, Belgique",BRUXELLES,"81,58"
2320,"2320 HOOGSTRATEN, Belgique",BRUXELLES,"81,69"
5530,"5530 Mont, Belgique",BRUXELLES,"81,744"
7533,"7533 Thimougies, Belgique",BRUXELLES,"81,97"
7300,"7300 BOUSSU, Belgique",BRUXELLES,"82,08"
3581,"3581 Beverlo, Belgique",BRUXELLES,"82,109"
2350,"2350 VOSSELAAR, Belgique",BRUXELLES,"82,41"
5334,"5334 Florée, Belgique",BRUXELLES,"82,41"
6560,"6560 Grand-Reng, Belgique",BRUXELLES,"82,448"
4830,"4830 LIMBOURG, Belgique",BRUXELLES,"82,73"
8792,"8792 Desselgem, Belgique",BRUXELLES,"82,93"
9600,"9600 RENAIX, Belgique",BRUXELLES,"83,02"
3530,"3530 Helchteren, Belgique",BRUXELLES,"83,27"
5360,"5360 Natoye, Belgique",BRUXELLES,"83,27"
6543,"6543 Bienne-Lez-Happart, Belgique",BRUXELLES,"83,28"
2322,"2322 Minderhout, Belgique",BRUXELLES,"83,3"
8540,"8540 DEERLIJK, Belgique",BRUXELLES,"83,4"
8572,"8572 Kaster, Belgique",BRUXELLES,"83,48"
9960,"9960 ASSENEDE, Belgique",BRUXELLES,"83,668"
8730,"8730 BEERNEM, Belgique",BRUXELLES,"83,96"
2460,"2460 Lichtaart, Belgique",BRUXELLES,"84,18"
3945,"3945 HAM, Belgique",BRUXELLES,"84,19"
8573,"8573 Tiegem, Belgique",BRUXELLES,"84,19"
2321,"2321 Meer, Belgique",BRUXELLES,"84,237"
2323,"2323 Wortel, Belgique",BRUXELLES,"84,26"
7350,"7350 Hainin, Belgique",BRUXELLES,"84,5"
7543,"7543 Mourcourt, Belgique",BRUXELLES,"84,53"
6500,"6500 Leval-Chaudeville, Belgique",BRUXELLES,"84,578"
5537,"5537 Annevoie-Rouillon, Belgique",BRUXELLES,"84,67"
3971,"3971 Heppen, Belgique",BRUXELLES,"84,69"
3870,"3870 Veulen, Belgique",BRUXELLES,"84,693"
3500,"3500 HASSELT, Belgique",BRUXELLES,"84,81"
5651,"5651 Gourdinne, Belgique",BRUXELLES,85
5352,"5352 Perwez-Haillot, Belgique",BRUXELLES,"85,06"
6542,"6542 Sars-La-Buissière, Belgique",BRUXELLES,"85,16"
8581,"8581 Kerkhove, Belgique",BRUXELLES,"85,19"
2300,"2300 TURNHOUT, Belgique",BRUXELLES,"85,25"
7811,"7811 Arbre, Belgique",BRUXELLES,"85,44"
5170,"5170 Arbre, Belgique",BRUXELLES,"85,442"
7531,"7531 Havinnes, Belgique",BRUXELLES,"85,74"
2330,"2330 MERKSPLAS, Belgique",BRUXELLES,"85,9"
3520,"3520 ZONHOVEN, Belgique",BRUXELLES,"85,93"
8710,"8710 Ooigem, Belgique",BRUXELLES,"86,165"
5350,"5350 OHEY, Belgique",BRUXELLES,"86,27"
7604,"7604 Baugnies, Belgique",BRUXELLES,"86,331"
4340,"4340 Fooz, Belgique",BRUXELLES,"86,399"
5650,"5650 Chastrès, Belgique",BRUXELLES,"86,658"
9931,"9931 Oostwinkel, Belgique",BRUXELLES,"86,7"
5351,"5351 Haillot, Belgique",BRUXELLES,"86,78"
3970,"3970 LEOPOLDSBURG, Belgique",BRUXELLES,"86,87"
3717,"3717 HERSTAPPE, Belgique",BRUXELLES,"86,97"
5363,"5363 Emptinne, Belgique",BRUXELLES,"86,99"
9968,"9968 Bassevelde, Belgique",BRUXELLES,"87,055"
4342,"4342 Hognoul, Belgique",BRUXELLES,"87,14"
8530,"8530 HARELBEKE, Belgique",BRUXELLES,"87,148"
7322,"7322 Ville-Pommeroeul, Belgique",BRUXELLES,"87,207"
7602,"7602 Bury, Belgique",BRUXELLES,"87,32"
8020,"8020 Hertsberge, Belgique",BRUXELLES,"87,34"
9982,"9982 Sint-Jan-In-Eremo, Belgique",BRUXELLES,"87,52"
5621,"5621 Morialmé, Belgique",BRUXELLES,"87,521"
4347,"4347 Voroux-Goreux, Belgique",BRUXELLES,"87,555"
8740,"8740 PITTEM, Belgique",BRUXELLES,"87,69"
8780,"8780 OOSTROZEBEKE, Belgique",BRUXELLES,"87,773"
9991,"9991 Adegem, Belgique",BRUXELLES,"87,9"
8553,"8553 Otegem, Belgique",BRUXELLES,"88,01"
3570,"3570 ALKEN, Belgique",BRUXELLES,"88,31"
7750,"7750 Russeignies, Belgique",BRUXELLES,"88,313"
3501,"3501 Wimmertingen, Belgique",BRUXELLES,"88,5"
9961,"9961 Boekhoute, Belgique",BRUXELLES,"88,627"
8531,"8531 Bavikhove, Belgique",BRUXELLES,"88,73"
4099,"4099 Liège X, Belgique",BRUXELLES,"88,97"
5364,"5364 Schaltin, Belgique",BRUXELLES,"89,2"
7548,"7548 Warchin, Belgique",BRUXELLES,"89,28"
7601,"7601 Roucourt, Belgique",BRUXELLES,"89,46"
8550,"8550 ZWEVEGEM, Belgique",BRUXELLES,"89,68"
2450,"2450 MEERHOUT, Belgique",BRUXELLES,"89,697"
2328,"2328 Meerle, Belgique",BRUXELLES,"89,986"
4460,"4460 Bierset, Belgique",BRUXELLES,9
1150,"1150 WOLUWE-SAINT-PIERRE, Belgique",BRUXELLES,"9,16"
1160,"1160 AUDERGHEM, Belgique",BRUXELLES,"9,48"
1180,"1180 UCCLE, Belgique",BRUXELLES,"9,53"
1110,"1110 OTAN, Belgique",BRUXELLES,"9,77"
5501,"5501 Lisogne, Belgique",BRUXELLES,"90,01"
8580,"8580 AVELGEM, Belgique",BRUXELLES,"90,05"
7321,"7321 Harchies, Belgique",BRUXELLES,"90,085"
8760,"8760 MEULEBEKE, Belgique",BRUXELLES,"90,38"
7510,"7510 3 Suisses, Belgique",BRUXELLES,"90,49"
7600,"7600 PÉRUWELZ, Belgique",BRUXELLES,"90,55"
7542,"7542 Mont-Saint-Aubert, Belgique",BRUXELLES,"90,56"
8520,"8520 KUURNE, Belgique",BRUXELLES,"90,56"
8551,"8551 Heestert, Belgique",BRUXELLES,"90,56"
6470,"6470 Grandrieu, Belgique",BRUXELLES,"90,58"
7540,"7540 Kain, Belgique",BRUXELLES,"90,737"
2491,"2491 Olmen, Belgique",BRUXELLES,"90,75"
4431,"4431 Loncin, Belgique",BRUXELLES,"90,82"
7370,"7370 Elouges, Belgique",BRUXELLES,"91,05"
5640,"5640 METTET, Belgique",BRUXELLES,"91,329"
8770,"8770 INGELMUNSTER, Belgique",BRUXELLES,"91,43"
7536,"7536 Vaulx, Belgique",BRUXELLES,"91,606"
8500,"8500 KORTRIJK, Belgique",BRUXELLES,"91,72"
7973,"7973 Grandglise, Belgique",BRUXELLES,"91,81"
3590,"3590 DIEPENBEEK, Belgique",BRUXELLES,"92,31"
5362,"5362 Achet, Belgique",BRUXELLES,"92,368"
8850,"8850 ARDOOIE, Belgique",BRUXELLES,"92,58"
3832,"3832 Ulbeek, Belgique",BRUXELLES,"92,68"
7521,"7521 Chercq, Belgique",BRUXELLES,"92,73"
4450,"4450 JUPRELLE, Belgique",BRUXELLES,"92,77"
8510,"8510 Marke, Belgique",BRUXELLES,"92,94"
7503,"7503 Froyennes, Belgique",BRUXELLES,"93,04"
4432,"4432 Alleur, Belgique",BRUXELLES,"93,271"
8860,"8860 LENDELEDE, Belgique",BRUXELLES,"93,28"
3720,"3720 KORTESSEM, Belgique",BRUXELLES,"93,29"
4470,"4470 SAINT-GEORGES-SUR-MEUSE, Belgique",BRUXELLES,"93,36"
8200,"8200 Sint-Michiels, Belgique",BRUXELLES,"93,39"
8552,"8552 Moen, Belgique",BRUXELLES,"93,45"
7380,"7380 QUIÉVRAIN, Belgique",BRUXELLES,"93,47"
5641,"5641 Furnaux, Belgique",BRUXELLES,"93,606"
2360,"2360 OUD-TURNHOUT, Belgique",BRUXELLES,"93,629"
8310,"8310 Assebroek, Belgique",BRUXELLES,"93,65"
3721,"3721 Vliermaalroot, Belgique",BRUXELLES,"93,67"
7520,"7520 Ramegnies-Chin, Belgique",BRUXELLES,"93,728"
4453,"4453 Villers-Saint-Siméon, Belgique",BRUXELLES,"93,81"
7642,"7642 Calonne, Belgique",BRUXELLES,"93,81"
3940,"3940 Hechtel, Belgique",BRUXELLES,"93,87"
5503,"5503 Sorinnes, Belgique",BRUXELLES,"93,89"
4452,"4452 Wihogne, Belgique",BRUXELLES,"93,99"
8501,"8501 Bissegem, Belgique",BRUXELLES,"94,215"
2380,"2380 RAVELS, Belgique",BRUXELLES,"94,22"
4430,"4430 ANS, Belgique",BRUXELLES,"94,257"
7500,"7500 Ere, Belgique",BRUXELLES,"94,294"
3723,"3723 Guigoven, Belgique",BRUXELLES,"94,425"
7382,"7382 Audregnies, Belgique",BRUXELLES,"94,49"
4400,"4400 Awirs, Belgique",BRUXELLES,"94,498"
3600,"3600 GENK, Belgique",BRUXELLES,"94,55"
8870,"8870 Emelgem, Belgique",BRUXELLES,"94,753"
7320,"7320 BERNISSART, Belgique",BRUXELLES,"94,8"
7530,"7530 Gaurain-Ramecroix, Belgique",BRUXELLES,"94,83"
5561,"5561 Celles, Belgique",BRUXELLES,"94,84"
5354,"5354 Jallet, Belgique",BRUXELLES,"94,97"
7640,"7640 ANTOING, Belgique",BRUXELLES,"94,99"
8582,"8582 Outrijve, Belgique",BRUXELLES,"95,04"
4000,"4000 Glain, Belgique",BRUXELLES,"95,056"
8511,"8511 Aalbeke, Belgique",BRUXELLES,"95,16"
2470,"2470 RETIE, Belgique",BRUXELLES,"95,18"
2490,"2490 BALEN, Belgique",BRUXELLES,"95,28"
3722,"3722 Wintershoven, Belgique",BRUXELLES,"95,33"
7743,"7743 Esquelmes, Belgique",BRUXELLES,"95,376"
5646,"5646 Stave, Belgique",BRUXELLES,"95,423"
5353,"5353 Goesnes, Belgique",BRUXELLES,"95,53"
4451,"4451 Voroux-Lez-Liers, Belgique",BRUXELLES,"95,59"
6441,"6441 Erpion, Belgique",BRUXELLES,"95,7"
7643,"7643 Fontenoy, Belgique",BRUXELLES,"95,78"
7387,"7387 Athis, Belgique",BRUXELLES,"95,853"
7501,"7501 Orcq, Belgique",BRUXELLES,"96,18"
7522,"7522 Marquain, Belgique",BRUXELLES,"96,22"
4101,"4101 Jemeppe-Sur-Meuse, Belgique",BRUXELLES,"96,26"
5562,"5562 Custinne, Belgique",BRUXELLES,"96,28"
5361,"5361 Scy, Belgique",BRUXELLES,"96,352"
8583,"8583 Bossuit, Belgique",BRUXELLES,"96,44"
4557,"4557 Ramelot, Belgique",BRUXELLES,"96,502"
4042,"4042 Liers, Belgique",BRUXELLES,"96,51"
3724,"3724 Vliermaal, Belgique",BRUXELLES,"96,701"
7538,"7538 Vezon, Belgique",BRUXELLES,"96,71"
8210,"8210 Veldegem, Belgique",BRUXELLES,"96,869"
3732,"3732 Schalkhoven, Belgique",BRUXELLES,"96,94"
5644,"5644 Ermeton-Sur-Biert, Belgique",BRUXELLES,"97,09"
4041,"4041 Milmort, Belgique",BRUXELLES,"97,67"
5504,"5504 Foy-Notre-Dame, Belgique",BRUXELLES,"97,74"
8560,"8560 Gullegem, Belgique",BRUXELLES,"97,74"
3665,"3665 AS, Belgique",BRUXELLES,"97,86"
2400,"2400 MOL, Belgique",BRUXELLES,"98,06"
2370,"2370 ARENDONK, Belgique",BRUXELLES,"98,22"
7603,"7603 Bon-Secours, Belgique",BRUXELLES,"98,3"
2381,"2381 Weelde, Belgique",BRUXELLES,"98,44"
2387,"2387 BAARLE-HERTOG, Belgique",BRUXELLES,"98,78"
4540,"4540 Flône, Belgique",BRUXELLES,"98,891"
5630,"5630 Daussois, Belgique",BRUXELLES,"98,904"
5370,"5370 Jeneffe, Belgique",BRUXELLES,"98,964"
5377,"5377 Sinsin, Belgique",BRUXELLES,99
2480,"2480 DESSEL, Belgique",BRUXELLES,"99,05"
7620,"7620 Wez-Velvain, Belgique",BRUXELLES,"99,061"
3660,"3660 OPGLABBEEK, Belgique",BRUXELLES,"99,24"
3742,"3742 Martenslinde, Belgique",BRUXELLES,"99,58"
7506,"7506 Willemeau, Belgique",BRUXELLES,"99,68"
7504,"7504 Froidmont, Belgique",BRUXELLES,"99,957"
8490,"8490 JABBEKE, Belgique",BRUXELLES,"99,957"
5376,"5376 Miécret, Belgique",BRUXELLES,"99,98"
